{
    "keep": {
        "days": true,
        "amount": 30
    },
    "auditLog": "C:\\xampp-8.0\\htdocs\\projetos\\projeto-agenda-lotada-24h\\apps\\backend\\logs\\.29a5c8a9ef0c0190c246a72e97f6fe9a46660e77-audit.json",
    "files": [
        {
            "date": 1760899945327,
            "name": "C:\\xampp-8.0\\htdocs\\projetos\\projeto-agenda-lotada-24h\\apps\\backend\\logs\\rejections-2025-10-19.log",
            "hash": "3d5c5f61d47f0649ee913a275afb4067a5b917bf5b9f44573944b52db1e87b92"
        }
    ],
    "hashType": "sha256"
}