{
    "keep": {
        "days": true,
        "amount": 14
    },
    "auditLog": "C:\\xampp-8.0\\htdocs\\projetos\\projeto-agenda-lotada-24h\\apps\\backend\\logs\\.29f5a453ad4ad21450c3232d32e36a2ad905fac7-audit.json",
    "files": [
        {
            "date": 1760899945296,
            "name": "C:\\xampp-8.0\\htdocs\\projetos\\projeto-agenda-lotada-24h\\apps\\backend\\logs\\application-2025-10-19.log",
            "hash": "261043668cdac113b21719a917a201541b205975b55518442e11c7becaa0d2f5"
        }
    ],
    "hashType": "sha256"
}