{
    "keep": {
        "days": true,
        "amount": 7
    },
    "auditLog": "C:\\xampp-8.0\\htdocs\\projetos\\projeto-agenda-lotada-24h\\apps\\backend\\logs\\.31bc8e1724a9f3d0a19efe78fe3c977fda8e003f-audit.json",
    "files": [
        {
            "date": 1760899945314,
            "name": "C:\\xampp-8.0\\htdocs\\projetos\\projeto-agenda-lotada-24h\\apps\\backend\\logs\\http-2025-10-19.log",
            "hash": "a4bde0229eecaa5580e4b601ce65e73e01f6a3d0e30f12ebfafdc77e2f1a28b5"
        }
    ],
    "hashType": "sha256"
}