{
    "keep": {
        "days": true,
        "amount": 90
    },
    "auditLog": "C:\\xampp-8.0\\htdocs\\projetos\\projeto-agenda-lotada-24h\\apps\\backend\\logs\\.8c526bfd4e588b5bf171533c5d14e78b0c23f704-audit.json",
    "files": [
        {
            "date": 1760899945309,
            "name": "C:\\xampp-8.0\\htdocs\\projetos\\projeto-agenda-lotada-24h\\apps\\backend\\logs\\audit-2025-10-19.log",
            "hash": "b9334587dde6be40a6413b221b2ad71e66bf919581f5dd55dbf83ec2611de6c8"
        }
    ],
    "hashType": "sha256"
}