{
    "keep": {
        "days": true,
        "amount": 30
    },
    "auditLog": "C:\\xampp-8.0\\htdocs\\projetos\\projeto-agenda-lotada-24h\\apps\\backend\\logs\\.c1f528fa228897f2b84e90c3e230c7244f6d8cf2-audit.json",
    "files": [
        {
            "date": 1760899945304,
            "name": "C:\\xampp-8.0\\htdocs\\projetos\\projeto-agenda-lotada-24h\\apps\\backend\\logs\\error-2025-10-19.log",
            "hash": "1fb1b20522b2f2b6e7bac155db6c4258ede31291b28d06fe05fac374014ee1fd"
        }
    ],
    "hashType": "sha256"
}