{
    "keep": {
        "days": true,
        "amount": 30
    },
    "auditLog": "C:\\xampp-8.0\\htdocs\\projetos\\projeto-agenda-lotada-24h\\apps\\backend\\logs\\.d8009f55f4db6a24fc9f67866e9b75aa15ea6772-audit.json",
    "files": [
        {
            "date": 1760899945320,
            "name": "C:\\xampp-8.0\\htdocs\\projetos\\projeto-agenda-lotada-24h\\apps\\backend\\logs\\exceptions-2025-10-19.log",
            "hash": "7606779691d4a6473099b3c58f20b33036dee302d5f84b6716a0e2cb1d0fb4b8"
        }
    ],
    "hashType": "sha256"
}